Partido de Almirante Brown, Argentina
Partido de Avellaneda, Buenos Aires, Argentina
Partido de Berazategui, Buenos Aires, Argentina
Partido de Brandsen, Buenos Aires, Argentina
Partido de Cañuelas, Buenos Aires, Argentina
Partido de Campana, Buenos Aires, Argentina
Partido de General San Martín, Buenos Aires, Argentina
Partido de Ensenada, Buenos Aires, Argentina
Partido de Escobar, Buenos Aires, Argentina
Partido de Esteban Echeverría, Buenos Aires, Argentina
Partido de Exaltación de la Cruz, Buenos Aires, Argentina
Partido de Florencio Varela , Argentina
Partido de General Las Heras , Argentina
Partido de General Rodríguez, Buenos Aires, Argentina
Partido de Hurlingham, Buenos Aires, Argentina
Partido de Ituzaingó, Buenos Aires, Argentina
Partido de José C. Paz , Argentina
Partido de Ezeiza, Buenos Aires, Argentina
Partido de La Matanza, Buenos Aires, Argentina
Partido de La Plata, Buenos Aires, Argentina
Partido de Lanús, Buenos Aires, Argentina
Partido de Lobos, Buenos Aires, Argentina
Partido de Lomas de Zamora, Buenos Aires, Argentina
Partido de Luján, Buenos Aires, Argentina
Partido de Malvinas Argentinas, Buenos Aires, Argentina
Partido de Marcos Paz, Buenos Aires, Argentina
Partido de Mercedes, Buenos Aires, Argentina
Partido de Merlo, Buenos Aires, Argentina
Partido de Morón, Buenos Aires, Argentina
Partido de Moreno, Buenos Aires, Argentina
Partido de Navarro, Buenos Aires, Argentina
Partido del Pilar, Buenos Aires, Argentina
Partido de Presidente Perón, Buenos Aires, Argentina
Partido de Quilmes, Buenos Aires, Argentina
Partido de San Fernando, Buenos Aires, Argentina
Partido de San Isidro, Buenos Aires, Argentina
Partido de San Miguel, Buenos Aires, Argentina
Partido de San Vicente, Buenos Aires, Argentina
Partido de Tigre, Buenos Aires, Argentina
Partido de Tres de Febrero, Buenos Aires, Argentina
Partido de Vicente López, Buenos Aires, Argentina
Partido de Zárate, Buenos Aires, Argentina
Buenos Aires, Argentina
